[
  {
    "_id": "658c3e4b134c93e8f70e6656",
    "expense_amount": 500,
    "description": "maggie",
    "category": "food",
    "Id": "658c3ad2134c93e8f70e6650",
    "user": {
      "_id": "658c3ad2134c93e8f70e6650",
      "Username": "Ashish kumar",
      "email": "ashish@gmail.com",
      "password": "$2b$05$mT57bD5bilId2OfcANo0Q.VY2Zw3fPMavATJTZuhyfDF66sYoc0yK",
      "__v": 0
    },
    "__v": 0
  },
  {
    "_id": "658c3e72134c93e8f70e6662",
    "expense_amount": 200,
    "description": "milk",
    "category": "food",
    "Id": "658c3ad2134c93e8f70e6650",
    "user": {
      "_id": "658c3ad2134c93e8f70e6650",
      "Username": "Ashish kumar",
      "email": "ashish@gmail.com",
      "password": "$2b$05$mT57bD5bilId2OfcANo0Q.VY2Zw3fPMavATJTZuhyfDF66sYoc0yK",
      "__v": 0,
      "totalExp": "658c3e4b134c93e8f70e665a"
    },
    "__v": 0
  }
]